/*
Navicat MySQL Data Transfer

Source Server         : Myconection
Source Server Version : 50724
Source Host           : localhost:3306
Source Database       : blog_laravel

Target Server Type    : MYSQL
Target Server Version : 50724
File Encoding         : 65001

Date: 2021-04-04 14:21:26
*/

SET FOREIGN_KEY_CHECKS=0;

-- ----------------------------
-- Table structure for categories
-- ----------------------------
DROP TABLE IF EXISTS `categories`;
CREATE TABLE `categories` (
  `id` bigint(20) unsigned NOT NULL AUTO_INCREMENT,
  `title` varchar(255) COLLATE utf8mb4_unicode_ci NOT NULL,
  `description` text COLLATE utf8mb4_unicode_ci NOT NULL,
  `created_at` timestamp NULL DEFAULT NULL,
  `updated_at` timestamp NULL DEFAULT NULL,
  PRIMARY KEY (`id`)
) ENGINE=InnoDB AUTO_INCREMENT=11 DEFAULT CHARSET=utf8mb4 COLLATE=utf8mb4_unicode_ci;

-- ----------------------------
-- Records of categories
-- ----------------------------
INSERT INTO `categories` VALUES ('1', 'Rem qui placeat consequatur in dolorem enim.', 'Eaque qui eos minus nostrum voluptas. Quia aut et animi aut. Assumenda est rerum similique quas quod consequatur quas. Alias et fuga hic porro et est. Sapiente architecto in dolor. Possimus nam nihil laudantium non molestias qui dolorum. Ut sint aut aut dolor ut. Suscipit consequatur facere omnis. Illum officia ut sed id qui animi. Dolores nesciunt eum suscipit unde ducimus molestiae.', '2021-03-31 04:22:36', '2021-03-31 04:22:36');
INSERT INTO `categories` VALUES ('2', 'Dignissimos molestiae eius dolore explicabo quia aut est.', 'Maxime veritatis harum aliquid est nobis. Aut et itaque voluptas quidem nobis. Sunt optio animi est minima est animi. Eveniet voluptatem veniam perspiciatis qui neque. Pariatur voluptas illo quo. Qui sit numquam ex quos totam assumenda dicta. Adipisci eligendi voluptatibus esse autem asperiores at quia. Eum qui dolor aut sunt fuga. Exercitationem consectetur consequuntur voluptatem.', '2021-03-31 04:22:36', '2021-03-31 04:22:36');
INSERT INTO `categories` VALUES ('3', 'Tempore odio consequatur sed ut.', 'Quaerat voluptatum laudantium rerum. Ad impedit sint ut enim qui numquam in. Qui in aperiam rem voluptatem sit doloremque ullam. Iure eaque aspernatur quos quidem consequuntur. Cum praesentium temporibus soluta dolores quia. Odit veniam omnis libero explicabo repellendus maiores facere accusantium. Aspernatur dolorem sunt aut ullam architecto. Id aliquid voluptate voluptatum dignissimos quasi cupiditate error. Delectus et dolores optio quia quo voluptates.', '2021-03-31 04:22:36', '2021-03-31 04:22:36');
INSERT INTO `categories` VALUES ('4', 'Ea occaecati minus enim tempora.', 'Voluptatem nisi suscipit enim. Omnis repellendus non ipsa sint porro sunt. Maxime repellat deserunt nulla sit dolorem ut. Natus iure debitis qui molestiae. Soluta sed fuga occaecati aut excepturi. Dicta id aliquam unde eum. Reprehenderit ipsum placeat id aliquam dolorum est perspiciatis. Voluptatem earum labore et nisi quis sed.', '2021-03-31 04:22:36', '2021-03-31 04:22:36');
INSERT INTO `categories` VALUES ('5', 'Amet eveniet ad qui aut.', 'Error magnam illo fugiat fugit recusandae possimus nobis. Nemo exercitationem ut sequi et modi quo sint. Vel pariatur molestiae consequatur ut explicabo. Nesciunt voluptas aspernatur sint aut hic ipsa. Incidunt sit quia fugiat dignissimos quod et officiis. In incidunt quo et id. Ea eos molestiae in iure sequi. Architecto fuga sapiente cumque esse et eveniet velit.', '2021-03-31 04:22:36', '2021-03-31 04:22:36');
INSERT INTO `categories` VALUES ('6', 'Quaerat quos veniam dolorem dolorem.', 'Consequatur repellat esse saepe dolorem occaecati magnam exercitationem. Nostrum quisquam asperiores exercitationem et laboriosam. Est aspernatur libero vel suscipit praesentium debitis voluptates. Sint molestias aliquid itaque esse hic deserunt ea.', '2021-03-31 04:22:36', '2021-03-31 04:22:36');
INSERT INTO `categories` VALUES ('7', 'Repellat nesciunt ducimus dolore voluptas.', 'Optio et dolorem illo corporis esse cum ea. Quod accusamus id ut cumque. Quod repellendus eius est veritatis. Qui voluptatem ipsum dolor cumque quibusdam recusandae aut. Eum et facere et et. Qui animi corrupti odio velit eum. Voluptatum natus exercitationem non. Sed delectus autem necessitatibus repellat eum quibusdam nihil. Veniam dolores autem tempora. Enim culpa accusamus veritatis temporibus sed quam explicabo. Animi ut eos nobis quaerat rerum sapiente numquam.', '2021-03-31 04:22:36', '2021-03-31 04:22:36');
INSERT INTO `categories` VALUES ('8', 'Vero ex itaque eius et.', 'Eligendi deleniti cupiditate et corrupti provident suscipit. Et magni et suscipit enim est. Quos autem voluptate maiores ipsam. Sint asperiores doloremque aliquid autem vel ea. Magnam quia et eligendi nesciunt explicabo labore. Illo aspernatur aliquam quis quia ratione nam ullam. Vel mollitia facere nobis. In molestias vero quasi unde modi.', '2021-03-31 04:22:36', '2021-03-31 04:22:36');
INSERT INTO `categories` VALUES ('9', 'Eos aliquam aliquid similique qui sequi dolore.', 'Nesciunt nihil non modi. Doloremque quasi eum aut numquam voluptate ullam illo. Earum porro ut et iure autem voluptatibus placeat. Iusto enim voluptatem aspernatur omnis aperiam in corrupti. Est quas enim id et nobis molestias mollitia. Eum et est maiores quibusdam eveniet. Qui consequatur quisquam sit voluptas soluta hic. Libero quae qui et. Sint recusandae nesciunt eaque repellat cumque dolor non. Et et totam eveniet. Dolor dolore asperiores ut sed est deserunt.', '2021-03-31 04:22:36', '2021-03-31 04:22:36');
INSERT INTO `categories` VALUES ('10', 'Similique dolorum saepe sit ipsum sapiente.', 'Assumenda sed fuga nam error aut iusto et ipsum. Quia error assumenda eos deserunt perspiciatis. Quae adipisci similique tenetur consequatur. Eius sed eveniet minus mollitia. Ad est eligendi optio. Veniam est in et qui nesciunt. Soluta rerum officiis qui cupiditate dolor aperiam. Eos enim officiis quasi impedit provident. Quibusdam nisi qui maiores et qui consequatur aut. Non excepturi omnis mollitia praesentium aspernatur ipsa quas. Voluptatem et modi explicabo cupiditate assumenda.', '2021-03-31 04:22:36', '2021-03-31 04:22:36');

-- ----------------------------
-- Table structure for failed_jobs
-- ----------------------------
DROP TABLE IF EXISTS `failed_jobs`;
CREATE TABLE `failed_jobs` (
  `id` bigint(20) unsigned NOT NULL AUTO_INCREMENT,
  `connection` text COLLATE utf8mb4_unicode_ci NOT NULL,
  `queue` text COLLATE utf8mb4_unicode_ci NOT NULL,
  `payload` longtext COLLATE utf8mb4_unicode_ci NOT NULL,
  `exception` longtext COLLATE utf8mb4_unicode_ci NOT NULL,
  `failed_at` timestamp NOT NULL DEFAULT CURRENT_TIMESTAMP,
  PRIMARY KEY (`id`)
) ENGINE=InnoDB DEFAULT CHARSET=utf8mb4 COLLATE=utf8mb4_unicode_ci;

-- ----------------------------
-- Records of failed_jobs
-- ----------------------------

-- ----------------------------
-- Table structure for migrations
-- ----------------------------
DROP TABLE IF EXISTS `migrations`;
CREATE TABLE `migrations` (
  `id` int(10) unsigned NOT NULL AUTO_INCREMENT,
  `migration` varchar(255) COLLATE utf8mb4_unicode_ci NOT NULL,
  `batch` int(11) NOT NULL,
  PRIMARY KEY (`id`)
) ENGINE=InnoDB AUTO_INCREMENT=6 DEFAULT CHARSET=utf8mb4 COLLATE=utf8mb4_unicode_ci;

-- ----------------------------
-- Records of migrations
-- ----------------------------
INSERT INTO `migrations` VALUES ('1', '2014_10_12_000000_create_users_table', '1');
INSERT INTO `migrations` VALUES ('2', '2014_10_12_100000_create_password_resets_table', '1');
INSERT INTO `migrations` VALUES ('3', '2019_08_19_000000_create_failed_jobs_table', '1');
INSERT INTO `migrations` VALUES ('4', '2021_03_16_153712_create_categories_table', '1');
INSERT INTO `migrations` VALUES ('5', '2021_03_16_153713_create_posts_table', '1');

-- ----------------------------
-- Table structure for password_resets
-- ----------------------------
DROP TABLE IF EXISTS `password_resets`;
CREATE TABLE `password_resets` (
  `email` varchar(255) COLLATE utf8mb4_unicode_ci NOT NULL,
  `token` varchar(255) COLLATE utf8mb4_unicode_ci NOT NULL,
  `created_at` timestamp NULL DEFAULT NULL,
  KEY `password_resets_email_index` (`email`)
) ENGINE=InnoDB DEFAULT CHARSET=utf8mb4 COLLATE=utf8mb4_unicode_ci;

-- ----------------------------
-- Records of password_resets
-- ----------------------------

-- ----------------------------
-- Table structure for posts
-- ----------------------------
DROP TABLE IF EXISTS `posts`;
CREATE TABLE `posts` (
  `id` bigint(20) unsigned NOT NULL AUTO_INCREMENT,
  `user_id` bigint(20) unsigned NOT NULL,
  `category_id` bigint(20) unsigned NOT NULL,
  `title` varchar(255) COLLATE utf8mb4_unicode_ci NOT NULL,
  `description` text COLLATE utf8mb4_unicode_ci NOT NULL,
  `image` varchar(255) COLLATE utf8mb4_unicode_ci DEFAULT NULL,
  `created_at` timestamp NULL DEFAULT NULL,
  `updated_at` timestamp NULL DEFAULT NULL,
  PRIMARY KEY (`id`),
  KEY `posts_user_id_foreign` (`user_id`),
  KEY `posts_category_id_foreign` (`category_id`),
  CONSTRAINT `posts_category_id_foreign` FOREIGN KEY (`category_id`) REFERENCES `categories` (`id`),
  CONSTRAINT `posts_user_id_foreign` FOREIGN KEY (`user_id`) REFERENCES `users` (`id`)
) ENGINE=InnoDB AUTO_INCREMENT=31 DEFAULT CHARSET=utf8mb4 COLLATE=utf8mb4_unicode_ci;

-- ----------------------------
-- Records of posts
-- ----------------------------
INSERT INTO `posts` VALUES ('1', '1', '8', 'Tenetur nostrum eius perferendis ut totam quia incidunt ex.', 'Et dolores et aperiam voluptas. Non qui doloremque et consequuntur assumenda. Sapiente reprehenderit natus incidunt aut facilis. Consequatur molestiae qui aut eius alias corporis. Commodi consequatur quisquam libero odio culpa amet. Sunt accusamus tempore exercitationem voluptatem officiis laboriosam est. Incidunt architecto magnam aut placeat in est. Sunt vel non et. Accusantium dolore et et ut ea sit rerum. Ea ipsum quas ut. Quasi deleniti incidunt et numquam quam. At temporibus deserunt qui corporis quasi. Est neque voluptas dolorem expedita. Est nihil alias inventore impedit. Earum ut excepturi quasi est et. Quia adipisci id qui mollitia.', 'posts/BqOspH7e8JBnDY0D3UQHbhqwttrq9RhhTWUHR5rA.jpg', '2021-03-31 04:22:36', '2021-04-04 17:38:44');
INSERT INTO `posts` VALUES ('2', '1', '8', 'Neque magnam at ab quia.', 'Odit aut explicabo ea nisi. Iure ipsam harum voluptatem fugiat. Et est exercitationem facere ipsam nihil. Accusamus autem voluptas vitae pariatur vel consequuntur ratione. Ut temporibus animi sed iste magnam. Et et non aspernatur corrupti fugit repudiandae magni. Qui similique illum quia et consequatur illo et nostrum. Odit non dolorem quis ut facilis maiores a. Laborum sit delectus amet et pariatur earum veritatis. Aliquam dolorem qui dolores dolor. Natus qui dolores alias expedita. Eum sit incidunt et eos sed dolorem. Molestiae distinctio est adipisci. Labore labore id omnis ipsum omnis veniam. Et quis ullam sequi ad enim nulla. At voluptatibus magnam dolor aperiam et aspernatur facilis. Est optio id quisquam vitae asperiores.', null, '2021-03-31 04:22:36', '2021-03-31 04:22:36');
INSERT INTO `posts` VALUES ('3', '1', '6', 'Illum repellendus ipsum qui.', 'Esse possimus harum ad rem cum. Est ullam minima occaecati debitis. Accusantium necessitatibus explicabo velit delectus non qui quibusdam. Recusandae delectus optio quis quod dignissimos aut. Ea deleniti earum nulla sunt. In voluptatum sed voluptas itaque quia saepe. Quo incidunt nostrum quidem tenetur. Iusto atque iste explicabo quis asperiores. Laborum est autem itaque facilis vero et temporibus enim. Sit voluptatem accusantium dolorem vel facere error est. Maiores deleniti quaerat qui ex. Aliquam placeat blanditiis nemo facilis est veniam culpa architecto. Pariatur harum cupiditate est nulla. Sint incidunt ullam sed provident. Architecto dolorum delectus eos dolores similique.', null, '2021-03-31 04:22:36', '2021-03-31 04:22:36');
INSERT INTO `posts` VALUES ('4', '1', '6', 'Ut aliquid earum est pariatur labore.', 'Reiciendis ut libero delectus aut. Voluptatem deleniti dolorem culpa sit quis velit. Natus eos rerum reprehenderit molestias quia ad facilis. Doloremque alias odio a debitis sed est explicabo. Illo recusandae laudantium saepe nesciunt. Omnis quaerat aut possimus minus dolores veritatis alias. Voluptatem exercitationem aliquid natus dolor ab. Deserunt sapiente dolorem sunt vero laboriosam dignissimos sint rem. In eligendi quia numquam velit odio. Possimus soluta molestiae laborum. In quia est sed corporis aperiam tenetur impedit. Ratione commodi et et ut. Aliquam nobis ratione voluptas esse. Molestiae dolorem et voluptas iure mollitia. Ut dolore ab quidem et et deleniti accusamus consequatur. Numquam blanditiis tenetur laudantium facere.', null, '2021-03-31 04:22:36', '2021-03-31 04:22:36');
INSERT INTO `posts` VALUES ('5', '1', '7', 'Minus dolores corporis tempora deserunt enim ut.', 'Voluptatem nam qui doloribus similique esse dignissimos. Ullam omnis et sint quia. Quas architecto necessitatibus aut ab officia asperiores. Voluptatibus voluptatem quibusdam ab quia ducimus sit perferendis et. Repellat numquam et sapiente impedit. Itaque dolorem eos aliquid. Reprehenderit et et pariatur recusandae eveniet quibusdam. Ducimus repellat laborum aut eum vel est. Itaque tempora architecto voluptatem labore similique aliquam sit. Et quo neque ea numquam eius. Dolores natus et explicabo tempora placeat nisi minima in. Quod minus amet error quas quia doloremque. Est nisi vel dolor est. Dolor labore aut et voluptatem sint et explicabo animi. Occaecati quo occaecati qui. Beatae quaerat harum vero sapiente delectus.', null, '2021-03-31 04:22:36', '2021-03-31 04:22:36');
INSERT INTO `posts` VALUES ('6', '1', '5', 'Quod et fugiat omnis et maxime voluptate.', 'Quis molestias qui voluptatem. Laboriosam et id consectetur aut nihil qui vel. Magni neque aperiam similique voluptas ut. Quos quasi sit omnis in. Ratione nulla alias omnis voluptatem cum quasi ullam. Sint dicta velit autem qui. Dolor quidem distinctio tenetur voluptatem nihil sint reprehenderit. Quo quaerat fugiat fuga quos ea quasi. Sit consequatur autem debitis est vitae non ipsam. Beatae molestias eius iure et cumque velit vel facere. Id consequatur corrupti aliquam inventore quam nobis. Velit vel cum dolores exercitationem dolorem alias beatae. Nihil qui modi ut dolorum ullam enim sunt. Harum sequi sunt quis et non distinctio.', null, '2021-03-31 04:22:36', '2021-03-31 04:22:36');
INSERT INTO `posts` VALUES ('7', '1', '4', 'Magni sed dolores quod quisquam rem facere nihil.', 'Sint voluptatem molestiae ratione omnis quo corporis vel. Animi dolor cupiditate aliquam accusamus praesentium. Recusandae rerum consequuntur amet et quas. Laudantium distinctio quis eaque ut. Facilis culpa nam quis et tempore. Deserunt deleniti aut rerum ipsam officia. Beatae voluptatem vel qui aspernatur suscipit. Est maiores natus modi et voluptate nostrum laudantium sed. Autem delectus earum est dolore totam est fugit laborum. Repudiandae dolores vitae tenetur est ipsa quia non. A tempore magnam asperiores deleniti nemo quae. Odit dolor quod delectus distinctio. Corporis laborum recusandae reiciendis suscipit.', null, '2021-03-31 04:22:36', '2021-03-31 04:22:36');
INSERT INTO `posts` VALUES ('8', '1', '7', 'Ut dolorem tempora omnis temporibus et a fuga.', 'Corrupti commodi et cum veritatis quia voluptatem. Incidunt blanditiis dolorem illum ducimus ea. Sed voluptates expedita nemo non reprehenderit cum. Ratione et illum sit eius. Aut distinctio asperiores id iusto. Sit non occaecati delectus autem. Nostrum adipisci illo iure eligendi natus. Et tempore aut tempora natus ut dicta illo molestiae. In perspiciatis praesentium placeat quis neque molestiae sed. Sapiente veniam iste explicabo. Ipsa est error et. Voluptatem totam molestiae eius eum. Possimus tenetur dolorum nesciunt vel rerum. Sapiente alias ullam facere facere. Hic sequi error omnis odio. Ipsa repellat voluptate temporibus sed dolorem itaque labore.', null, '2021-03-31 04:22:36', '2021-03-31 04:22:36');
INSERT INTO `posts` VALUES ('9', '1', '4', 'Incidunt aperiam sit vel qui ut accusantium.', 'Aut praesentium vitae qui asperiores ullam. Reprehenderit a similique est accusamus ipsum est. Eius quo ipsa ut odit veritatis minus. Suscipit deserunt consequatur est. Ad vero reprehenderit non odio tenetur aut. Omnis sit natus et voluptatem quia delectus neque. Repudiandae et nihil accusantium. Modi occaecati facilis voluptatibus ullam error consequatur. Rerum dignissimos et quaerat enim consequatur. Odit quasi ratione occaecati ullam modi. Quod quasi quaerat velit quia neque dolore. Unde aut atque nostrum voluptas qui et amet. Aperiam excepturi dolorum corrupti quam adipisci amet provident. Molestiae pariatur veniam temporibus mollitia. Aut dolorem atque repellat. Voluptatem et ut possimus temporibus. Impedit sunt nam temporibus maxime reiciendis fuga illum.', null, '2021-03-31 04:22:36', '2021-03-31 04:22:36');
INSERT INTO `posts` VALUES ('10', '1', '2', 'Eaque quo odit tempora tenetur sunt expedita.', 'Quae et accusamus suscipit magni corrupti. Eius rerum ut autem mollitia. Voluptatibus adipisci et doloremque consequuntur dolorem voluptas ducimus. Ut et aut ut quos ipsa. Ipsum voluptas sit rerum ipsa. Facilis quae voluptatem iusto omnis aut sunt. Dolor optio eum dolores quidem aut. Voluptates eum consequatur nihil aliquam tempora voluptas occaecati. Alias quidem autem reiciendis est odit nobis. Rem veritatis sit commodi sunt modi. Asperiores laudantium aut nulla assumenda magni est sit soluta. Voluptatem quisquam facere incidunt sed doloribus. Et facere ut dicta hic optio ab. Et architecto possimus sed accusantium delectus autem id atque. Libero qui est pariatur possimus ut dolore.', null, '2021-03-31 04:22:36', '2021-03-31 04:22:36');
INSERT INTO `posts` VALUES ('11', '1', '5', 'Illo est nostrum similique distinctio id et labore.', 'Et dolorum quod occaecati consequuntur et eos rerum. Aut dignissimos quia nemo et laboriosam tempore repellat. Voluptatem autem maiores ullam officiis corporis sit quas dolores. Doloremque voluptatem enim asperiores laborum omnis quae. Incidunt aperiam qui dolorum nihil architecto iste reprehenderit. Officiis voluptas harum quisquam impedit amet perspiciatis ea sit. Veniam quia et quam explicabo laudantium. Est possimus et quia porro sint mollitia aut. Id quaerat eum dicta quia quae officia. Aut vel et quos praesentium ut ut asperiores. Sunt sit architecto laboriosam quos qui blanditiis doloremque. Et tempora cumque esse autem aut qui.', null, '2021-03-31 04:22:36', '2021-03-31 04:22:36');
INSERT INTO `posts` VALUES ('12', '1', '8', 'Tempore explicabo non totam enim molestias aliquid.', 'Asperiores ratione laborum repudiandae. Laudantium ullam molestiae et ex rerum. Voluptas quas nihil ducimus dolor doloremque perferendis animi consequuntur. Aut cupiditate et cumque eius omnis dolorem. Et quia expedita magnam beatae vero aliquam et. Et nulla explicabo rerum aut minus quidem assumenda. Repellat nihil quia eum aut deleniti qui minima. Sed dignissimos mollitia quis et facere voluptas. Itaque in corrupti qui enim perferendis praesentium. Tenetur facere hic excepturi incidunt consectetur. Alias ducimus quae mollitia numquam dolorem itaque id. Excepturi incidunt magni tempora ex. Est enim debitis officiis. Perferendis a animi fugiat non voluptas.', null, '2021-03-31 04:22:36', '2021-03-31 04:22:36');
INSERT INTO `posts` VALUES ('13', '1', '5', 'Unde sed aperiam quasi et rerum animi.', 'Saepe repudiandae nisi earum est quam nisi aut. Quod sed recusandae aut quos atque nobis architecto velit. Veritatis suscipit et iusto autem libero quo magni et. Veniam omnis est saepe optio rerum pariatur corrupti. Sed dolorum beatae perspiciatis perspiciatis eum. Harum possimus aut consequatur doloremque aliquam unde. Quia quo aut hic ex laborum qui. Aut nostrum nesciunt molestiae dolor nesciunt occaecati doloribus est. Consequatur est ducimus maiores omnis eos non molestias. Est consequatur dignissimos vero cupiditate aut reiciendis eum perferendis. Fuga aliquid voluptates et incidunt dolorem voluptatem quo. Quaerat reprehenderit hic animi nihil corporis et.', null, '2021-03-31 04:22:36', '2021-03-31 04:22:36');
INSERT INTO `posts` VALUES ('14', '1', '6', 'Possimus sed aliquam soluta ducimus accusantium repellendus doloribus fuga.', 'Facilis voluptatibus beatae inventore eos assumenda possimus laborum tempore. Voluptas beatae fuga nemo. Recusandae maiores explicabo consequatur fugiat aut ipsam. Quo laboriosam porro asperiores eum. Qui quia quod libero voluptatem recusandae esse non. Ut doloribus qui occaecati similique in voluptatem aut. Voluptate consectetur enim deserunt sapiente qui laborum rerum dolorum. Doloribus dolores non dolorum aut cupiditate vel tempora. Quae earum quis et saepe non. Quam iusto est et voluptates qui. Adipisci ab iusto saepe ut. Illo aut nesciunt deleniti iusto corrupti quod. Reprehenderit porro sed vel modi quos omnis. Laboriosam vel magni aut sapiente. Minus aspernatur fugiat numquam officiis.', null, '2021-03-31 04:22:36', '2021-03-31 04:22:36');
INSERT INTO `posts` VALUES ('15', '1', '2', 'Porro provident tempora ipsam vel excepturi nesciunt.', 'Dolorem non velit eum hic quia. Aliquam nihil qui quia quod. Incidunt esse est aperiam. Est architecto mollitia aliquam quisquam. Saepe quisquam totam eum. Ad cum eum sequi aut quae voluptas ad. Quidem rerum aut praesentium eligendi nihil. Illum sit et pariatur est rerum autem ratione. Et soluta non omnis ratione veniam. Aspernatur est suscipit debitis expedita. Libero autem delectus libero ullam accusamus modi et. Explicabo in iste suscipit est ad facere. Atque ut qui eaque vero quae. Dolore ducimus sit quidem reprehenderit dolorem. Dolorum odio quisquam iure nihil. Omnis aut voluptatem et blanditiis est ut et. Odit unde praesentium aliquid exercitationem qui et commodi. Facere possimus aut rerum excepturi sit fuga rem.', null, '2021-03-31 04:22:36', '2021-03-31 04:22:36');
INSERT INTO `posts` VALUES ('16', '1', '9', 'Architecto placeat odio consequuntur nulla explicabo voluptatem.', 'Dolores consectetur libero dolores impedit adipisci amet quae. Quis libero illo et numquam facilis. Tempore numquam nesciunt inventore quas iure qui. Ratione explicabo quia est vitae omnis voluptatibus reprehenderit. Laborum dolorum tempore voluptatibus adipisci. Veniam explicabo ea doloribus ut earum ad asperiores. Temporibus illum incidunt suscipit aut. Earum voluptatem sapiente quis quisquam et fugiat. Debitis at rerum exercitationem quidem. Eaque qui eos delectus et harum necessitatibus et. Nam aut doloremque similique facere neque nulla aliquid. Excepturi eos reiciendis qui aliquid adipisci officiis. Amet dolores consectetur dolores aspernatur modi. Sit nam pariatur voluptatem perspiciatis et aliquam.', null, '2021-03-31 04:22:36', '2021-03-31 04:22:36');
INSERT INTO `posts` VALUES ('17', '1', '4', 'Non numquam facilis earum.', 'Quia assumenda sed velit iusto velit pariatur est. Rem est dolor impedit architecto minima quia. Voluptas excepturi explicabo delectus hic autem. Eius nihil veritatis sunt excepturi ut ab. Consequatur sit nobis quae est. Quasi velit ex laboriosam ab. Blanditiis non neque amet cumque est vel ducimus. Labore accusamus facere reprehenderit. Alias rerum eum ea quia ut tenetur aut. Rerum eveniet quia repudiandae veniam voluptates quaerat qui. Corrupti dolor accusamus ut ut id. Et excepturi harum dolor et commodi architecto. Architecto exercitationem corporis quia perferendis. Sit eaque ratione qui culpa iste natus a eligendi.', null, '2021-03-31 04:22:36', '2021-03-31 04:22:36');
INSERT INTO `posts` VALUES ('18', '1', '4', 'Nihil deserunt libero veniam voluptas.', 'Quae culpa dignissimos illo qui distinctio eaque. Impedit minima sunt et tempora. Quo voluptatibus veritatis quas qui est saepe. At voluptate voluptate dolor odio suscipit non occaecati. Laboriosam velit expedita voluptates repellat quis. Voluptatibus pariatur ut vitae doloribus quo. Adipisci ab aut officia aut. Placeat non aut et nihil recusandae odit fugiat quasi. Ut voluptatem quisquam neque. Adipisci est deserunt laboriosam velit voluptas hic aut. Ullam ad accusamus non non dicta ea earum. Reiciendis enim quo non et saepe. Quisquam et praesentium illum fuga laboriosam iure. Tenetur dicta cum ut accusamus. Labore non quibusdam consectetur iste ut nesciunt.', null, '2021-03-31 04:22:36', '2021-03-31 04:22:36');
INSERT INTO `posts` VALUES ('19', '1', '6', 'Quae in eos consequuntur sapiente.', 'Tempora quia itaque nulla expedita qui. Nostrum qui totam velit. Sed est necessitatibus et hic atque. Officia esse consequatur aut. Aliquid eum et quo non. Tempore et qui possimus aut voluptates commodi aut. Magnam culpa autem iusto suscipit eius vitae aspernatur veniam. Quidem blanditiis voluptas quis facilis autem pariatur. Adipisci neque rerum id. Est tenetur quis occaecati voluptatum quia id. Laudantium perferendis autem optio deserunt. A tenetur esse qui. Perspiciatis repudiandae possimus voluptates ut. Quisquam delectus praesentium veritatis sequi animi eum nesciunt. Corrupti facilis perspiciatis nostrum iusto quis fugiat. Possimus architecto ea exercitationem sed illum. Amet explicabo ratione omnis in a.', null, '2021-03-31 04:22:36', '2021-03-31 04:22:36');
INSERT INTO `posts` VALUES ('20', '1', '6', 'Dolorem commodi quasi assumenda animi ut.', 'Esse officiis odit ut odit assumenda enim neque natus. Recusandae molestiae ab id quasi explicabo soluta est quia. Ipsam enim ut aut dolor. Numquam et earum rerum et vel qui numquam. Et totam est perferendis et non natus minima saepe. Sapiente id impedit magni enim commodi. Provident saepe et quam consequatur beatae porro voluptatum porro. Ut tenetur adipisci voluptatem nesciunt mollitia ut. Mollitia autem eveniet commodi non voluptatem occaecati. Repellendus asperiores quibusdam ipsa dolore voluptatum expedita a. Necessitatibus ullam sequi nam rerum porro. Maxime molestias voluptatem tenetur et ducimus dolorem iste sequi. Officia doloribus nobis esse laudantium tenetur commodi non error.', null, '2021-03-31 04:22:36', '2021-03-31 04:22:36');
INSERT INTO `posts` VALUES ('21', '1', '10', 'Tenetur esse architecto fugiat impedit.', 'Ut et et vel vel suscipit. Dolorem minus voluptatem odio non est. Rem debitis qui recusandae non. Rerum architecto illum cumque voluptas. Quia fugit suscipit rerum molestiae iusto dolores. Id dicta sed fugiat soluta. Laudantium qui impedit dolor aut dolorum voluptas et. Aut ipsam deserunt cumque ratione provident magni earum. Officiis enim consequuntur consequatur fugiat architecto unde. Et libero exercitationem voluptates. Id rerum commodi inventore omnis optio ad. Recusandae distinctio adipisci minus ea dolores dolorem sed. Ab ea non non optio beatae voluptas. Odit laborum facilis modi dicta nostrum commodi id.', null, '2021-03-31 04:22:36', '2021-03-31 04:22:36');
INSERT INTO `posts` VALUES ('22', '1', '3', 'Saepe voluptatem officia quia omnis.', 'Sit esse culpa nesciunt quaerat reprehenderit architecto. Qui dignissimos quis tempore animi ipsum occaecati. Magni modi quia et corporis repellendus eligendi maxime. Omnis voluptas accusamus vel voluptatem dolorem non rem aut. Et adipisci laboriosam non et iure tempore iure. Velit cupiditate aut illo ut consequuntur. Optio quam quasi aperiam et non. Autem minima quasi et ratione atque aut nisi. Sed veritatis libero ut consequuntur et. Accusantium animi ab esse provident. Sunt sunt in numquam mollitia. Omnis laudantium alias quibusdam. Sed eligendi dolorem assumenda molestiae nemo aliquam. Eos quasi tempora mollitia possimus. Enim officia commodi architecto non cupiditate ad et dicta.', null, '2021-03-31 04:22:36', '2021-03-31 04:22:36');
INSERT INTO `posts` VALUES ('23', '1', '1', 'Nihil id repellendus eum sed officia dolorum.', 'Nobis aut ut natus non ut labore eum. Pariatur placeat laborum cumque sed commodi maxime. Aut assumenda fuga non quo repudiandae tempore. Odio explicabo dolorem molestiae culpa occaecati quisquam. Quidem reprehenderit quia velit. Nihil ad mollitia illo accusantium veritatis. Optio laudantium quod quia cupiditate qui ratione. Dolor aut accusamus et molestias. Consequatur voluptas at aliquam aut consequatur hic. Ut voluptatem assumenda laborum pariatur. Sint omnis est sit excepturi dolor. Sunt voluptas laborum atque autem. Repellat explicabo ea ullam autem. Est voluptas cum molestias maiores quia beatae quasi optio. Consequatur ipsam soluta maiores voluptas excepturi est.', null, '2021-03-31 04:22:36', '2021-03-31 04:22:36');
INSERT INTO `posts` VALUES ('24', '1', '1', 'Aut aspernatur illum qui laudantium in qui reprehenderit.', 'Dolorem quia et totam consequatur harum rerum aliquid. Et eaque quia nihil fugiat laboriosam. Amet laboriosam tempora est provident expedita beatae et quos. Mollitia aut sint et ab ratione aut repudiandae. Veniam est vitae numquam qui eum consequuntur repellendus impedit. Totam assumenda illo mollitia voluptate. Aspernatur sit temporibus nesciunt dolores. Itaque officiis quasi voluptatem quod quia tempora error. Quo nesciunt incidunt ipsam aliquam quaerat sint quia quo. Harum asperiores animi consequatur molestiae. Delectus ullam sint a. Et quod omnis consectetur soluta cupiditate dolores reiciendis architecto. Beatae ea dolorem et. Qui et nulla tempora nisi. Deserunt est temporibus aut aut enim.', null, '2021-03-31 04:22:36', '2021-03-31 04:22:36');
INSERT INTO `posts` VALUES ('25', '1', '9', 'Voluptatem recusandae at itaque in.', 'Optio doloremque repudiandae quae sed qui rerum. Dolor sed et expedita dolore. Quo velit veniam qui ullam. Veniam delectus qui tempore modi impedit quis cum. Odit qui eum quod quia. Minus impedit in veniam harum est ullam minima voluptates. Porro provident perspiciatis temporibus consequuntur maiores aut. Dolor porro maiores ipsa molestiae. Sunt quas quam dolor velit. Consectetur et praesentium et. Deserunt illum molestiae eaque soluta quas ea a sed. Omnis temporibus officia quis accusantium hic non. Impedit provident a numquam esse dicta. Qui cum rerum repellendus deleniti et voluptate. Accusantium sed consectetur quo porro quis. Et reiciendis ut odit reiciendis consequatur nesciunt dicta magnam. Enim delectus praesentium cum recusandae.', null, '2021-03-31 04:22:36', '2021-03-31 04:22:36');
INSERT INTO `posts` VALUES ('26', '1', '6', 'Eligendi laborum odit nam assumenda optio qui dolorum.', 'Qui delectus dolor sed. Labore autem consequatur et totam accusamus aut mollitia. Consequatur vitae sequi hic id non. Dolorum error vel minus assumenda eos possimus ipsum. Et fuga et facere unde. Quia praesentium accusantium maxime voluptates. Cupiditate odit voluptatem totam consequatur. Harum ducimus voluptas quae nostrum similique ut saepe. Fugiat odit quis ea sunt eos et. Facere ab eos optio doloremque et. Pariatur rem rerum est minima nisi quia et. Magnam distinctio libero quasi sunt et aut sint. Eum blanditiis quo qui sed veniam. Laudantium voluptatibus ducimus quidem quos. Pariatur quibusdam aliquid vel voluptatem quis voluptates.', null, '2021-03-31 04:22:36', '2021-03-31 04:22:36');
INSERT INTO `posts` VALUES ('27', '1', '4', 'Voluptates voluptatem consequatur amet voluptatem.', 'Iure quaerat aliquam ipsam esse facere. Et fuga et et ducimus illum. Deleniti architecto inventore vero rerum provident. Temporibus voluptas consequatur saepe quam optio. Error aut nisi eos reiciendis earum consequatur. Magnam vel et eos at. Laudantium libero aut consequatur tempore nemo minus qui. Est accusantium libero possimus nobis. Porro recusandae repellendus nostrum adipisci. Exercitationem itaque unde sit eos et similique. Vitae ea qui labore sint. Fugit nostrum velit voluptas officiis. Sunt eius voluptates consequuntur necessitatibus sunt eos. Autem facere esse amet ipsam asperiores. Qui autem repellat et saepe. Adipisci maxime tenetur ex est occaecati sit. Ipsum voluptatem veritatis atque qui.', null, '2021-03-31 04:22:36', '2021-03-31 04:22:36');
INSERT INTO `posts` VALUES ('28', '1', '5', 'Perferendis commodi cum expedita culpa asperiores saepe omnis.', 'Inventore qui laboriosam aspernatur molestias quidem architecto. Totam iure labore quo omnis qui dolorem. Labore magni non reiciendis. Labore accusantium voluptas corporis mollitia. Eos itaque enim eos eveniet enim non. Ducimus tenetur sed ad quia nisi. Pariatur possimus excepturi nostrum. Voluptatum aut iste enim natus non. A velit sit natus facere ut. Eligendi soluta sint sed quas est doloribus autem ipsa. Ipsa optio suscipit in autem voluptas. Minus perspiciatis est nihil est in voluptas consequatur. Iusto sapiente mollitia est praesentium. Omnis voluptatem eaque sit aspernatur. Quibusdam in sequi maiores ab ipsum labore error. Nobis quidem voluptatem corrupti placeat id non et. Molestiae reiciendis dicta aut ut numquam quae. Omnis et omnis nobis ipsam optio pariatur.', null, '2021-03-31 04:22:36', '2021-03-31 04:22:36');
INSERT INTO `posts` VALUES ('29', '1', '8', 'Odio id numquam odit.', 'Reprehenderit nemo soluta sed sunt rerum veritatis quam quos. Aspernatur commodi quo et rerum. Sit optio ex eveniet dolor et magnam iste. In et ea omnis molestiae vel amet expedita. Et tempore quia placeat aut alias et reprehenderit. Aliquid illo porro dicta qui. Aut explicabo nihil sapiente aut et et. Facilis non corrupti ut blanditiis aut quo. Est officiis excepturi sapiente consequuntur quasi. Et deleniti nobis distinctio et delectus. Eaque rerum quibusdam fugiat suscipit. Officiis est voluptatem rerum et vitae maxime voluptas quo. Quidem optio aliquid non aut. Dolor veritatis magni voluptatibus minus id voluptatem consectetur. Nulla vitae nam qui aut doloribus eum sit. Consequatur non omnis fugit deserunt.', null, '2021-03-31 04:22:36', '2021-03-31 04:22:36');
INSERT INTO `posts` VALUES ('30', '1', '8', 'Expedita amet perspiciatis et corrupti praesentium et.', 'Tempora ab vero quibusdam sapiente recusandae. Et consequatur magnam est distinctio quia et. Ut et corrupti quasi ducimus voluptas quis. Delectus voluptas nulla debitis est eum ducimus vel. Quia quisquam quas qui doloribus provident. Placeat cupiditate voluptatum facere impedit quibusdam suscipit. Et assumenda dicta qui maxime. Provident animi quia perferendis a commodi. Accusamus a ut voluptatibus aliquid. Ab excepturi architecto doloremque aut eaque doloremque. Et doloremque tenetur earum. Ab praesentium eveniet quo. Quas perspiciatis temporibus aliquam explicabo repudiandae. Optio et rerum qui ad ut sapiente modi. Odit ullam sint enim sit et nisi cupiditate deserunt. Ea eveniet minima soluta ut.', null, '2021-03-31 04:22:36', '2021-03-31 04:22:36');

-- ----------------------------
-- Table structure for users
-- ----------------------------
DROP TABLE IF EXISTS `users`;
CREATE TABLE `users` (
  `id` bigint(20) unsigned NOT NULL AUTO_INCREMENT,
  `name` varchar(255) COLLATE utf8mb4_unicode_ci NOT NULL,
  `email` varchar(255) COLLATE utf8mb4_unicode_ci NOT NULL,
  `email_verified_at` timestamp NULL DEFAULT NULL,
  `password` varchar(255) COLLATE utf8mb4_unicode_ci NOT NULL,
  `remember_token` varchar(100) COLLATE utf8mb4_unicode_ci DEFAULT NULL,
  `created_at` timestamp NULL DEFAULT NULL,
  `updated_at` timestamp NULL DEFAULT NULL,
  PRIMARY KEY (`id`),
  UNIQUE KEY `users_email_unique` (`email`)
) ENGINE=InnoDB AUTO_INCREMENT=2 DEFAULT CHARSET=utf8mb4 COLLATE=utf8mb4_unicode_ci;

-- ----------------------------
-- Records of users
-- ----------------------------
INSERT INTO `users` VALUES ('1', 'Frank Lisboa Abad', 'soporte@gmail.com', null, '$2y$10$.vrIH3sw7PO4.DhO6jFZbuj1U6/t3C3Pg0kVrs2cAI.30CEIKVWSi', null, '2021-03-31 04:22:36', '2021-03-31 04:22:36');
